B-001-185429881797,Ebay
B-001-196332112795,Ebay
B-001-196332113201,Ebay
B-001-356218791215,Ebay
B-001-405121920051,Ebay
B-002-165896682210,Ebay
B-002-165903335597,Ebay
B-002-196333451549,Ebay
B-002-224993624790,Ebay
B-002-224993631444,Ebay
B-002-405121923046,Ebay
B-003-165903355647,Ebay
B-003-386730417083,Ebay
B-003-405121923980,Ebay
B-004-165903347960,Ebay
B-004-196333428425,Ebay
B-004-224993631393,Ebay
B-004-405121924392,Ebay
B-005-196332113788,Ebay
B-005-196332114262,Ebay
B-006-165903975494,Ebay
B-006-196333495156,Ebay
B-006-224993631411,Ebay
B-006-405121925504,Ebay
B-007-165903973184,Ebay
B-007-196332115152,Ebay
B-007-224993631259,Ebay
B-007-405121926044,Ebay
B-008-165903342821,Ebay
B-008-185429393381,Ebay
B-008-386730289373,Ebay
B-009-165903973604,Ebay
B-009-196332102695,Ebay
B-009-224993631286,Ebay
B-009-405121926847,Ebay
B-010-165896666557,Ebay
B-010-286474457776,Ebay
B-010-387329159207,Ebay
B-011-165903352247,Ebay
B-011-165903352870,Ebay
B-011-224993622774,Ebay
B-011-386775417537,Ebay
B-012-196333483672,Ebay
B-012-224993578850,Ebay
B-012-386725227531,Ebay
B-012-386726680939,Ebay
B-012-405121928773,Ebay
B-013-165896677218,Ebay
B-013-185429879831,Ebay
B-013-196332096985,Ebay
B-013-386730341562,Ebay
B-014-165903355191,Ebay
B-014-196333430969,Ebay
B-014-196333432138,Ebay
B-014-224993642620,Ebay
B-014-386725231645,Ebay
B-014-386730421487,Ebay
B-014-405124509070,Ebay
B-014-405124510978,Ebay
B-015-165903328260,Ebay
B-015-196333435739,Ebay
B-015-196333437695,Ebay
B-015-196333439693,Ebay
B-015-386725111963,Ebay
B-015-405124512032,Ebay
B-016-165903349191,Ebay
B-016-185429239494,Ebay
B-016-196333467849,Ebay
B-016-224993622600,Ebay
B-016-405124512918,Ebay
B-017-165903313838,Ebay
B-017-196333462493,Ebay
B-017-405124514708,Ebay
B-018-224993602382,Ebay
B-018-386741852999,Ebay
B-018-405124518320,Ebay
B-019-165903340612,Ebay
B-019-196333443713,Ebay
B-019-196333445577,Ebay
B-019-224993603049,Ebay
B-020-165903354540,Ebay
B-020-185429881297,Ebay
B-020-224993573617,Ebay
B-020-405124526333,Ebay
B-021-196333516760,Ebay
B-021-286474456394,Ebay
B-021-353688217829,Ebay
B-022-165903329786,Ebay
B-022-196333451944,Ebay
B-022-196333453574,Ebay
B-022-386730398714,Ebay
B-022-386730504525,Ebay
B-022-405124527671,Ebay
B-023-386741838265,Ebay
B-023-405124529907,Ebay
B-024-165903340104,Ebay
B-024-196333470544,Ebay
B-024-224993631295,Ebay
B-025-165903330523,Ebay
B-025-165903331041,Ebay
B-025-386775260216,Ebay
B-025-386775321365,Ebay
B-025-405124530442,Ebay
B-026-165903974682,Ebay
B-026-196333427730,Ebay
B-026-405124547584,Ebay
B-027-165903348367,Ebay
B-027-224993622981,Ebay
B-027-405124549424,Ebay
B-028-165903332030,Ebay
B-028-196333427161,Ebay
B-028-224993602690,Ebay
B-029-165903337382,Ebay
B-029-196333455468,Ebay
B-029-224993631230,Ebay
B-029-386758491217,Ebay
B-030-165903315929,Ebay
B-030-196333461336,Ebay
B-030-405124577955,Ebay
B-031-196332087335,Ebay
B-031-196332088749,Ebay
B-031-405124582018,Ebay
B-032-224993631368,Ebay
B-033-196332123909,Ebay
B-033-405124661758,Ebay
B-034-167264878013,Unsure
B-035-165896670987,Ebay
B-035-165903343832,Ebay
B-035-386728980800,Ebay
B-036-165896667836,Ebay
B-036-196332100561,Ebay
B-036-353688216564,Ebay
B-036-386725024230,Ebay
B-036-405124662846,Ebay
B-036-405124663437,Unsure
B-037-165896678462,Ebay
B-037-405124664537,Ebay
B-038-165903332570,Ebay
B-038-196333448632,Ebay
B-038-196333450993,Ebay
B-039-165896672756,Ebay
B-039-167632263585,Ebay
B-040-165903316385,Ebay
B-040-165903321270,Ebay
B-040-196332098699,Ebay
B-040-405125590509,Ebay
B-041-165896675891,Ebay
B-041-196332110714,Ebay
B-041-196332111213,Ebay
B-042-353683983328,Ebay
B-042-386725022923,Ebay
B-042-405125592399,Ebay
B-043-196333426543,Ebay
B-044-196333503320,Ebay
B-044-224993631343,Ebay
B-045-405125595759,Ebay
B-046-224993631319,Ebay
B-046-386730499660,Ebay
B-047-196333473315,Ebay
B-047-196333475694,Ebay
B-047-224993573557,Ebay
B-047-405125597195,Ebay
B-048-165609364891,Ebay
B-048-196332116589,Ebay
B-048-386726976487,Ebay
B-048-405125600964,Ebay
B-049-196332104701,Ebay
B-050-165903312933,Ebay
B-050-196332121498,Ebay
B-051-196333482265,Ebay
B-052-196332094871,Ebay
B-053-196332090681,Ebay
B-053-224993622709,Ebay
B-053-386758483611,Ebay
B-054-196333505547,Ebay
B-054-386741912838,Ebay
B-055-167632263642,Ebay
B-055-386730282148,Ebay
B-056-196332107093,Ebay
B-056-196332107638,Ebay
B-056-386728889100,Ebay
B-057-196332127611,Ebay
B-057-405125605395,Ebay
B-058-165896681282,Ebay
B-058-196332111924,Ebay
B-058-196332112368,Ebay
B-059-165903343408,Ebay
B-059-196333490866,Ebay
B-059-386730299730,Ebay
B-060-165903345089,Ebay
B-060-196333492634,Ebay
B-061-165903353977,Ebay
B-062-165903974107,Ebay
B-062-196332106081,Ebay
B-062-405125619190,Ebay
B-063-165903325237,Ebay
B-063-196332105438,Ebay
B-063-405125621681,Ebay
B-064-165903345474,Ebay
B-064-196332118010,Ebay
B-065-165896680450,Ebay
B-065-386726822570,Ebay
B-065-405125631562,Ebay
B-066-r1131419029,Unsure
B-067-196333432567,Ebay
B-067-196333433035,Ebay
B-067-196333433394,Ebay
B-067-224993573670,Ebay
B-068-386730348916,Ebay
B-069-196332093363,Ebay
B-070-196332109731,Ebay
B-070-405125639371,Ebay
B-071-185429879126,Ebay
B-071-196333440545,Ebay
B-071-196333441067,Ebay
B-071-405125642938,Ebay
B-072-196332129653,Ebay
B-072-386741622307,Ebay
B-072-405125647604,Ebay
B-073-386775313648,Ebay
B-073-405125648349,Ebay
B-073-t1131431557,Unsure
B-074-165896670397,Ebay
B-076-196333425042,Ebay
B-076-405125649540,Ebay
B-077-165896671331,Ebay
B-077-196332108655,Ebay
B-078-t1131431557,Unsure
B-080-185429359327,Ebay
B-080-405125650389,Ebay
B-081-405125653003,Ebay
B-082-165896677927,Ebay
B-082-224993573779,Ebay
B-084-165610367458,Unsure
B-085-t1131431557,Unsure
B-086-m27178848742,Unsure
B-088-405125654281,Ebay
B-089-236031978142,Ebay
B-089-m91189641412,Unsure
B-090-205742419712,Unsure
B-090-205742421877,Unsure
B-091-405125655103,Ebay
B-092-405125655560,Ebay
B-094-165903353369,Ebay
B-095,Unsure
B-096-165903976328,Ebay
B-097-224993622824,Ebay
B-100-224993573481,Ebay
B-100-386725102317,Ebay
B-101-165903331597,Ebay
B-101-224993602732,Ebay
B-101-386775319236,Ebay
B-101-405129080484,Ebay
B-102-405129082940,Unsure
B-103-m44221661115,Unsure
B-103-m80349868087,Unsure
B-104-m35567749831,Unsure
B-105-165903327878,Ebay
B-105-386725071510,Ebay
B-105-405129084398,Ebay
B-106-165903328698,Ebay
B-106-386725076097,Ebay
B-106-386725076097,Ebay
B-106-405129086802,Ebay
B-107-405129088144,Ebay
B-108-386726869590,Ebay
C-001-146600341917,Ebay
C-001-m24420001579,Unsure
C-002-196333529733,Ebay
C-002-353683950175,Ebay
C-003-185429147757,Ebay
C-003-204960120128,Ebay
C-003-353683952609,Ebay
C-003-386728681129,Ebay
C-003-405118391738,Ebay
C-004-136029135072,Ebay
C-004-386728723826,Ebay
C-004-386730303531,Ebay
C-005-236031971612,Ebay
C-005-386730328707,Ebay
C-006-224993622855,Ebay
C-006-386775323629,Ebay
C-007-196332131954,Ebay
C-007-386775277754,Ebay
C-008-196333415374,Ebay
C-008-224993642735,Ebay
C-008-353688256162,Ebay
C-009-196333423431,Ebay
C-009-224993641194,Ebay
C-009-355417872445,Ebay
C-009-356218806799,Ebay
C-009-405118393309,Ebay
C-010-196332217932,Ebay
C-010-196333408617,Ebay
C-010-196333409361,Ebay
C-010-196333410712,Ebay
C-010-353683946511,Ebay
C-011-185429243541,Ebay
C-011-196333160936,Ebay
C-011-224993580858,Ebay
C-011-386725233107,Ebay
C-011-386726736391,Ebay
C-012-196333403425,Ebay
C-012-196333404037,Ebay
C-012-224993642591,Ebay
C-012-353688251772,Ebay
C-012-386730413180,Ebay
C-013-353688250788,Ebay
C-013-405118412665,Ebay
C-014-196333174200,Ebay
C-014-196333174609,Ebay
C-014-224993641062,Ebay
C-014-224993641260,Ebay
C-014-405118414389,Ebay
C-015-224993642634,Ebay
C-015-355417871768,Ebay
C-015-405118415820,Ebay
C-016-196333420205,Ebay
C-016-196333422254,Ebay
C-016-224993642663,Ebay
C-016-356218796736,Ebay
C-017-196333404698,Ebay
C-017-196333406633,Ebay
C-017-224994112797,Ebay
C-017-353688253181,Ebay
C-017-405118416622,Ebay
C-018-224993622627,Ebay
C-018-225004536265,Ebay
C-018-405118418825,Ebay
C-019-386724415063,Ebay
C-020-165652871830,Unsure
C-020-m26459822576,Unsure
C-021-165892518687,Unsure
C-022-196333528844,Ebay
C-022-286474452239,Ebay
C-022-353683933233,Ebay
C-022-353683948571,Ebay
C-022-386724393125,Ebay
C-022-m39882672876,Unsure
C-023-146811004242,Unsure
C-023-m22597210438,Unsure
C-024-146600343707,Ebay
C-024-386728750658,Ebay
C-025-296955513748,Ebay
C-025-m91189641412,Unsure
C-026-205751885302,Unsure
C-026-296460649645,Ebay
C-026-m71690278351,Unsure
C-027-386755452441,Ebay
C-028-196332219989,Ebay
C-029-386726584188,Ebay
C-029-386726762574,Ebay
C-030-177198040302,Ebay
C-030-236031972602,Ebay
C-030-286474460549,Ebay
C-030-296489772110,Ebay
C-030-354963642287,Ebay
C-030-386726910820,Ebay
C-030-386726975083,Ebay
C-030-387329161559,Ebay
C-030-405118796335,Ebay
C-031-196333167878,Ebay
C-031-224993606116,Ebay
C-031-353688241676,Ebay
C-031-386728974027,Ebay
C-032-196333514860,Ebay
C-032-204960121446,Ebay
C-032-224993622435,Ebay
C-032-236031972913,Ebay
C-032-296460641237,Ebay
C-032-386730316019,Ebay
C-032-386730351904,Ebay
C-033-196332248066,Ebay
C-034-196333172671,Ebay
C-034-386775424026,Ebay
C-034-405129162160,Ebay
C-035-196333164615,Ebay
C-035-196333166055,Ebay
C-035-386782915206,Ebay
C-036-196332240375,Ebay
C-037-236031973834,Ebay
C-037-386741835727,Ebay
C-037-386741855039,Ebay
C-037-387329164658,Ebay
C-037-405118796839,Ebay
C-038-167632263666,Ebay
C-038-196333416418,Ebay
C-038-196333417268,Ebay
C-038-224993602917,Ebay
C-038-386775266016,Ebay
C-038-386775325612,Ebay
C-039-196333163636,Ebay
C-039-224994112547,Ebay
C-039-386781742551,Ebay
C-039-405118797440,Ebay
C-040-386782963089,Ebay
C-040-405129164564,Ebay
C-041-136493641469,Unsure
C-042-196333171050,Ebay
C-042-224994112476,Ebay
C-042-386782483488,Ebay
C-043-196332231567,Ebay
C-043-386782901301,Ebay
C-043-405118977750,Ebay
C-044-355417872778,Ebay
C-044-405118980031,Ebay
C-045-196332246902,Ebay
C-046-256946959395,Unsure
C-047-353688242800,Ebay
C-047-386775343264,Ebay
C-048-386726890388,Ebay
C-048-405129169521,Ebay
C-049-236031975036,Ebay
C-049-286474472481,Ebay
C-049-386741921094,Ebay
C-049-m64647404955,Unsure
C-050-196333402792,Ebay
C-050-405129171684,Ebay
C-051-167632263665,Ebay
C-051-224993641036,Ebay
C-051-386781722810,Ebay
C-051-405119242700,Ebay
C-052-386782996232,Ebay
C-052-405119243674,Ebay
C-053-236031975595,Ebay
C-053-386730391276,Ebay
C-053-405119786836,Ebay
C-054-196333174925,Ebay
C-054-386781668861,Ebay
C-054-405121212466,Ebay
C-055-235675616338,Ebay
C-055-297340179839,Ebay
C-056-196333161518,Ebay
C-056-196333161828,Ebay
C-057-236031975933,Ebay
C-057-286474461429,Ebay
C-057-405121215939,Ebay
C-058-196333158694,Ebay
C-058-386730296438,Ebay
C-059-386650260349,Ebay
C-060-185429156159,Ebay
C-060-236031976538,Ebay
C-061-224994118095,Ebay
C-062-196333159076,Ebay
C-063-165610392431,Unsure
C-063-196333159856,Unsure
C-063-196333160380,Unsure
C-064-256452676136,Ebay
C-064-386724395354,Ebay
C-065-256946959636,Unsure
C-066-405121911789,Ebay
C-068-386730313095,Ebay
C-070-185429426687,Ebay
C-070-196333180750,Ebay
C-070-386741853959,Ebay
C-070-405121219314,Ebay
C-071-167632263685,Ebay
C-071-196332244423,Ebay
C-071-386758510765,Ebay
C-071-405121219851,Ebay
C-072-405121220612,Ebay
C-073-196333519212,Ebay
C-073-236031976974,Ebay
C-074-405129174732,Ebay
C-075-204960122612,Ebay
C-075-205743434393,Unsure
C-075-236031977746,Ebay
C-075-286474468454,Ebay
C-075-386758480457,Ebay
C-076-196333178167,Ebay
C-076-196333178565,Ebay
C-076-386755454564,Ebay
C-077-196333162407,Ebay
C-078-196333179653,Ebay
C-079-196333526242,Ebay
C-079-204960122960,Ebay
C-079-386775340142,Ebay
C-080-296460631710,Ebay
C-081-146600348848,Ebay
C-082-196333418248,Ebay
C-082-196333419129,Ebay
C-083-196332224779,Ebay
C-083-405121221204,Ebay
C-084-196332222451,Ebay
C-084-196333175975,Ebay
C-084-405121222055,Ebay
C-085-m95000368039,Unsure
C-086-386725202972,Ebay
C-088-165896664092,Unsure
C-089maybe-306500395863,Unsure
C-089maybe-m84944463608,Unsure
C-090-405121235604,Ebay
C-092-185429245432,Ebay
C-092-405121236640,Ebay
C-095-m76859661555,Unsure
C-097-405121238797,Ebay
C-099-167632263638,Ebay
C-099-405121239602,Ebay
C-100-185429153314,Ebay
C-100-236031979320,Ebay
C-101-236031979996,Ebay
C-102-236031980850,Unsure
C-102-m12153101465,Unsure
C-104-224994112718,Ebay
C-106-236031982925,Ebay
C-106-405121245013,Ebay
C-107-224994112756,Ebay
C-107-405121245566,Ebay
C-108-405121246162,Ebay
C-109-m35567749831,Unsure
C-110-146811004184,Unsure
C-110-m64530455575,Unsure
C-111-m45621332279,Unsure
C-112-386726963695,Ebay
C-112-405121856837,Ebay
C-113-386730333868,Ebay
C-113-405121857770,Ebay
C-114-386758541063,Ebay
C-115-224993602791,Ebay
C-115-386775291171,Ebay
C-115-405121858465,Ebay
C-117-386775335659,Ebay
C-119-405121873538,Ebay
C-121-m21190425289,Unsure
C-121-m84944463608,Unsure
C-122-405121897158,Ebay
C-123-257011840001,Ebay
C-123-386775403045,Ebay
C-123-405121900779,Ebay
C-124-405121914407,Ebay
C-125-224994112779,Ebay
C-125-405121917014,Ebay
C-126-165894135897,Unsure
C-126-386782950633,Ebay
CC-001-405115279520,Unsure
CC-002-205452807806,Unsure
CC-003-m22948609489,Unsure
CC-004-m22948609489,Unsure
CC-005-m75029063164,Unsure
CC-006-405115280017,Unsure
CC-007-Rzc3jgPcrXkvRvB5fZm4oe,Unsure
CC-008-vBuuVhDmyxkB4fYWvkBsx5,Unsure
E-001-196332211207,Ebay
E-001-386726715914,Ebay
E-001-386726752001,Ebay
E-001-386730370079,Ebay
E-001-405115281334,Ebay
E-001-405115281717,Ebay
E-001-405115282188,Ebay
E-002-196332209771,Ebay
E-002-386758519067,Ebay
E-002-405115282479,Ebay
E-002-405115282788,Ebay
E-003-196332196844,Ebay
E-003-224993603660,Ebay
E-003-386728997206,Ebay
E-003-386730284412,Ebay
E-004-185429877744,Ebay
E-004-196332160285,Ebay
E-004-196332161320,Ebay
E-004-224993574072,Ebay
E-004-405115283272,Ebay
E-004-405115283272,Unsure
E-004-405115283653,Ebay
E-005-165904002647,Ebay
E-006-196332133858,Ebay
E-007-196332183268,Ebay
E-007-405115345084,Ebay
E-008-165903987024,Ebay
E-008-196332146418,Ebay
E-008-224994118595,Ebay
E-008-405115345837,Ebay
E-009-196332194681,Ebay
E-009-226275413161,Ebay
E-010-165906667455,Ebay
E-010-196332198645,Ebay
E-010-224994118175,Ebay
E-011-165906665335,Ebay
E-011-185429222687,Ebay
E-011-196332152278,Ebay
E-011-224994118239,Ebay
E-011-386730428772,Ebay
E-011-405115346799,Ebay
E-012-165903996229,Ebay
E-012-224994643758,Ebay
E-012-386728616370,Ebay
E-013-196333511677,Ebay
E-013-196333512889,Ebay
E-013-236031972088,Ebay
E-013-386725049949,Ebay
E-013-386725097316,Ebay
E-013-387329169585,Ebay
E-013-405129094338,Ebay
E-014-155324543398,Ebay
E-014-224993576794,Ebay
E-014-286474455421,Ebay
E-014-353688225088,Ebay
E-014-353688228855,Ebay
E-014-353688239015,Ebay
E-014-386725148094,Ebay
E-015-196332208641,Ebay
E-015-224994118824,Ebay
E-016-167632263610,Ebay
E-016-196332153223,Ebay
E-016-386730509631,Ebay
E-016-405115347383,Ebay
E-017-196332179330,Ebay
E-017-224994118650,Ebay
E-017-405115347978,Ebay
E-018-165906668018,Ebay
E-018-386741851857,Ebay
E-018-405115348802,Ebay
E-019-196332132925,Ebay
E-019-386726876876,Ebay
E-019-405129099198,Ebay
E-020-196332197511,Ebay
E-020-224994118900,Ebay
E-020-405115349693,Ebay
E-021-196332148885,Ebay
E-021-224993581056,Ebay
E-021-386726521578,Ebay
E-021-405115350661,Ebay
E-022-196332147595,Ebay
E-022-196332148263,Ebay
E-022-386725021407,Ebay
E-022-405115352778,Ebay
E-023-196332150653,Ebay
E-023-386728797117,Ebay
E-024-405115351933,Ebay
E-026-405115354510,Ebay
E-027-405115355116,Ebay
E-028-m58019001422,Unsure
E-029-165907038384,Ebay
E-029-196332189971,Ebay
E-029-405115355716,Ebay
E-030-353683956079,Ebay
E-030-386726916754,Ebay
E-030-405129104699,Ebay
E-031-165905128210,Ebay
E-031-224994118335,Ebay
E-031-386758236634,Ebay
E-032-165903996912,Ebay
E-032-386728604737,Ebay
E-033-196332151394,Ebay
E-033-405115356598,Ebay
E-034-196332207991,Ebay
E-034-386741918281,Ebay
E-035-386777955446,Ebay
E-036-165903998295,Ebay
E-036-167632263650,Ebay
E-036-224993576879,Ebay
E-036-386728612261,Ebay
E-036-386728664937,Ebay
E-036-405115356443,Ebay
E-037-386741915458,Ebay
E-038-196332166804,Ebay
E-038-196332169291,Ebay
E-038-386728635422,Ebay
E-039-165903992862,Ebay
E-039-196332190469,Ebay
E-039-196332191025,Ebay
E-040-386820647392,Unsure
E-041-196332158742,Ebay
E-041-386775328660,Ebay
E-042-165906664455,Ebay
E-043-196332211907,Ebay
E-043-196332212692,Ebay
E-043-386728882224,Ebay
E-043-405129111996,Ebay
E-044-165906670201,Ebay
E-044-196332193446,Ebay
E-044-196332194008,Ebay
E-044-224993622900,Ebay
E-044-386777949638,Ebay
E-045-386741904881,Ebay
E-046-165906666585,Ebay
E-047-196332143446,Ebay
E-047-405115358883,Ebay
E-048-165903994556,Ebay
E-048-196332139592,Ebay
E-048-196332140242,Ebay
E-049-165906683367,Ebay
E-049-196332186051,Ebay
E-049-405115360044,Ebay
E-050-196332138071,Ebay
E-050-196332138877,Ebay
E-050-224994643683,Ebay
E-050-405115360830,Ebay
E-051-405115361774,Ebay
E-052-386725209546,Ebay
E-052-405115362513,Ebay
E-053-196332174956,Ebay
E-054-167632263632,Ebay
E-054-224994643712,Ebay
E-055-335979569045,Unsure
E-057-196332191716,Ebay
E-057-196332192145,Ebay
E-057-405115363616,Ebay
E-058-165903986520,Ebay
E-058-405115364696,Ebay
E-059-196332141896,Ebay
E-059-196332142685,Ebay
E-059-224993573995,Ebay
E-059-386728651493,Ebay
E-060-196332145993,Ebay
E-060-386728649659,Ebay
E-060-405115366043,Ebay
E-061-196332146906,Unsure
E-062-165906668527,Ebay
E-063-386728783891,Ebay
E-064-196332141185,Ebay
E-064-405115368714,Ebay
E-065-165906665757,Ebay
E-065-405115371149,Ebay
E-066-196332171059,Ebay
E-067-196332152800,Ebay
E-067-405116152233,Ebay
E-068-405116172725,Ebay
E-069-405116173676,Ebay
E-070-185429212957,Ebay
E-071-405116175983,Ebay
E-072-405116177035,Ebay
E-073-185429880480,Ebay
E-074-165903990066,Ebay
E-075-165906672387,Ebay
E-075-405116183732,Ebay
E-077-185429884380,Ebay
E-077-405116184792,Ebay
E-079-205752006967,Unsure
E-081-405116185334,Ebay
E-083-305036833600,Unsure
E-084-185429434693,Ebay
E-086-405116219964,Ebay
E-088-405116221387,Ebay
E-089-165610329223,Unsure
E-090-405116454481,Unsure
E-091-405116456760,Ebay
E-092-405117101131,Ebay
E-093-165906668898,Ebay
E-093-405117101994,Ebay
E-094-165903995148,Ebay
E-094-386730400837,Ebay
E-094-405117102653,Ebay
E-095-405117103071,Ebay
E-096-386726885940,Ebay
E-096-405117104039,Ebay
E-097-386725032248,Ebay
E-098-386726878098,Ebay
E-099-m91189641412,Unsure
E-100-405117105274,Ebay
E-101-386726866181,Ebay
E-101-405117106251,Ebay
E-102-224993603680,Ebay
E-102-386728803161,Ebay
E-103-354986608677,Unsure
E-103-354986608677-1,Unsure
E-103-354986608677-2,Unsure
E-103-prototype-1000070823_1,Unsure
E-104-224993622933,Ebay
E-104-386775439944,Ebay
E-104-405117106732,Ebay
E-105-165906677216,Ebay
E-105-224994118867,Ebay
E-105-405117107716,Ebay
E-106-386726915628,Ebay
E-106-405117108285,Ebay
E-107-386730346325,Ebay
E-107-405117108879,Ebay
E-108-m19537948340,Unsure
SP-001-236204572357,Unsure
SP-002-m75321580072,Unsure
SP-002-m82723898160,Unsure
SP-003-136521757557,Unsure
SP-003-m27887397443,Unsure
SP-004-m51402982214,Unsure
SP-005-m11992057522,Unsure
SP-006-m99145841077,Unsure
SP-007-m51943439667,Unsure
SP-007-m77250733774,Unsure
SP-008-m51943439667,Unsure
SP-008-m87652529333,Unsure
SP-008-m88830705262,Unsure
SP-010-157167101714,Unsure
SPB-001-m32882659893,Unsure
SPE-001-m36425066918,Unsure
SPE-002-m99741609484,Unsure
SPE-003-m87652529333,Unsure
SPE-003-m94050136488,Unsure
SPE-004-q1188711519,Unsure
SPE-005-u69odykYBuAckpppUBmzLT,Unsure
SPE-006-177264348469,Unsure
SPE-007-167644365664,Unsure
x-m21190425289_10,Unsure
x-m21190425289_3,Unsure
x-m21190425289_4,Unsure
x-m21190425289_5,Unsure
x-m21190425289_6,Unsure
x-m21190425289_7,Unsure
x-m21190425289_8,Unsure
x-m21190425289_9,Unsure
